{
    "5dDqCETmHVtXauxmaZGTqwrCXGZjp1qbN72yErzRkq7u": 0.11309242115431582,
    "BUh9PbY8ussDvTd5Y6J7iaVha5WGYinGgedR645YN61M": 0.7276670184742104,
    "F87Xo2uiMMWWB6RMqhbBUBybndwjqFnYUcC57L2ETWx3": 0.03421263157894737,
    "2wzQG7eqmzzTUh9zise99bHJrX83XuSKjmKhJoRdf8vv": 0.16704722734989474,
    "F1chUYt4XB84bF6MzfHgU2dtoWNyAXGdCfzDBLR2EM5s": 382.2205713135052,
    "GRxFdQamfio1NgwbfLfMXAiSNVByYaUHQ5jD6maueFcz": 6.848044177144158,
    "3Nj81CXVBcZBCKW9mNzsat8kuDSjAQDWJC472rj8RaN6": 6.251208589834474,
    "FphU6qTNh3tqi5H8a5R8dNnLHXNVwyH6uYB5q8eSD2Sq": 1.0271602983947365,
    "6LrPCE2msHDFVCbAvDM5pTL5fJugNemzrqQC5BRBKHKM": 10.565793830553947,
    "AeUyednWLZvDrBtWtuCWGytpvLUWDj26S6s7Za3nf5oA": 0.49182550465921054,
    "BTRPhfMGQEfQn7bSyiCnGYF9fthF7hEBHpxB4hyd2HcX": 5.638399573440424,
    "EgVJr286Kq1LF3kXjN1vLFCezCmSH8DmbKbZ1ZtGdijU": 2.5056616050595277,
    "A1RsYfdTaY9jUxxhgg9bf78TyicNCa8K43HXPURc2S8k": 22.57371947368421,
    "3iYurP9YVzpBKh4ts4NT78zNCKeY8GUo57U4ZXdzrSZy": 4.010967357043421,
    "GunKxCN9sKv4nCxzduWvcX6oiYXzwMyKLwLWyY6EPH7z": 1.2165523914946315,
    "8VZec6dMJhsAh7iPkdUoDqPtge35yn22xibonAqAEhMZ": 109.57275419201446,
    "9zgoTtEFb9Zk4Z2bikoCGv7Fx2HFtDKS1hgBx9Lvkf8P": 1.2224758897595789,
    "Gy1B1aCW3AgaB6mBtJct1CVu3NDQYH47k6MGjXbzBDtb": 21.33742841049316,
    "9T4nYRrdECZMxWeGzUfrN21prUHN9S91odh38vYexYXo": 0.08351313432631578,
    "EyKiJ82QhtZxsw2zAxiJRz1D3qfp3sKtbfymWxnAKJwZ": 3.6626315110815804,
    "9Qgrt6XsoDaGWx1xG17ZftVzBWb4BoE2KqQsYwJAryzg": 5.702105263157895,
    "84nJgXCe1GgJvPVu9zR8bBbU36dPqaZEANHxMvRMzWLH": 10.507742091955265,
    "6yYutiexNWHSuAugRVoY7LgT8Nx6dQjkDyGimqBKW5rJ": 4.296360124564421,
    "8heaZ9tATpC77HGprEieCkSETRfcTz75wW7Y7KQ3e5Hq": 2.948213535269527,
    "Dwi1XD4Npy3w7uQ4EfpA4C4HsFstjAhox7qMjbhy4XTi": 46.99630155157168,
    "CrHhmg7WrYmR13Jz7MTfh9Gu3QTaMHTSVQkcUmjE53VB": 1.3087982212098421,
    "C4rdBHhnirkertdEP6AbKiyxDW4tWUyg7WsyKSP4iT7a": 6.491586751983001,
    "8Hw9X9UwBso7Sp2CFnEEeUGW8pGDj9wghc78ccWFZWpU": 44.01688447381962,
    "FVzbecjZL4Hqxayvekcg1RqnNVrFFC6BHfbmERh1XwQq": 6.356236788617844,
    "2iCmwtaM14u5XijJ6Wx6pbxSqvvPbvzUVXAhk1B4aEtr": 69.62710114287815,
    "2vW6BZE3SD7mcjLcSkavzhHbxcPCpSwduFSAFVKaBNLC": 3.377295738371157,
    "ANVQjXgVh51cjBnLbX6hWZ12zozPS4aKSU4KwaxvcK3c": 0.640013693896895,
    "BtWRTuAyxyzpzfXXQRTiSQEaHhrZjSz2SdfwzFe3ZoyX": 2.5796058985856316,
    "33NSEEhpxCN23p6sjQ4aj7F5maj9WpCRf3zKDWtS18oM": 138.53403473684213,
    "8FMhMqspiDw8T8JmFXHeacCqfYHb2bKDKEeTW2BBRR2D": 21.513984427412105,
    "H8zrN74wSyFRr2CNUDZC7FbvL3Pmdsgw9iFHTtmSr1i7": 0.7998237260868422,
    "mjKipYkDmghARSwbcU7HfCnww3z3fBe18BBKUByq5Jt": 0.12934773423947374,
    "GEtRnUQFa3iaUSyE3Kv6DmvE2BWbVNMDCXK7kuQDQwus": 0.16267022527105263,
    "CPiGodKagZCkofLyLexqj93HBGJMghHBiMUsaMaS79A": 48.746437314303954,
    "HGLEWvrRH3EUurYfvSQusnMq5frwqB66sJ4WwLbQQvV1": 5.604963157894737,
    "92C5xUUN1xfZzt47hs2he3yyG2YEueeU9cGZidya1fKY": 0.5506589382750525,
    "ApBdd2PHWWwTADv4X8JikqtaXHnz9JaGoLPY8M6gqEzL": 341.12368421052633,
    "7KQrcajdGWrvk87DhSkRPvG2u6pmQrP1rBDhsCoFwtG2": 21.570258823649997,
    "5biouWJdgvscCR6wmkNKaytZ8YDsbm2QDvHkyFCve9gH": 8.202628886227211,
    "9PAoPtq4SeNzegk13evAQrrxBiGTUhp3gAnG4to6HKjZ": 21.20828855161095,
    "9UdozjWam1XyLqq4RZCC189nh3iE9QQdThkCMbC5Qgwy": 0.13006648995052633,
    "ECjYuG827YuHZcXT9WMm25isXmSSw4aK5aKCx4z3EERd": 39.669130536447625,
    "FvAFBzeCMUq2WhF8mtfdsuDHpEgx7LWjKzJCBVeMWaQR": 1.708061250176316,
    "3ScsjzqAvYE5vofRjw8Qa4h3fz71YjU4QKDxeaFhAaQc": 5.473828102937895,
    "AXHrCZGrRyBzuiEoznE8kT5FqB1ypCpLXeh5FHmVq4eH": 2.735086840044737,
    "4h2Kt6cd8Rt52stonRMY2tqBctonPDaA6TZkAcmnXAUB": 1.676474018407105,
    "7dq1Xd4MKfVeq76BiU1B3aZ2CAZLexmMTqDWWaUuFFQL": 0.4457807959489473,
    "3kxmD1PJa1kJ8GCsSGeKWzopACd6jAsgCKLb3xcLyf3Q": 5.299599204244737,
    "a1wbvCb5gLprYUbzgMRrtJSwjEjNYnctgUwUpt9ZHET": 15.413586085440791,
    "DLHnFSnyZWDUbtpkuttQqfa6HrRHUr6H3RmppBP6jPg3": 5.703815789473683,
    "Bfziccx3rcgFF2P6rSbtmrrCScD79wUvcQbM8X96ps2K": 1.3961887512221052,
    "3YaKidDruaMx4voQWQkZMzsQqY3aQsAjNeYS1kBxgoXa": 7.053072631578947,
    "BsJZ5k5gLLPib7B3crC51jZEu2arQEpvf7cHfHz1jdX8": 19.409654212216843,
    "44jsSfRcdW8FuUCx2wQzLdpyFSzTZ6ntgAW1D1oom8Wd": 0.12647207287499998,
    "2uhYg2Aew9LcusT8spvPiBN1ZHC9bFAyjhYACT6VScyc": 14.571496903302894,
    "5yQZzen2KWaPNeMMi5bv6aiQWUmAN3sNZPuJa6qmDSRY": 21.718598906952632,
    "87xYmsMRm3rE5T2VJCh4k4mrVrj1J3QukWYodbhVRgzF": 45.643157894736845,
    "4qZXkjtdgpDzm2Ep9g6XMY5WiLwcAH6EAaLpLKiVxUox": 4.2481883427253155,
    "4yas9ddUR2GDSNKzKNabP3McjXGq5As9r3zBgw7mWhuG": 9.792153667705266,
    "HfzoqRGDuJQMwMJ3gx7vwsLeAgAszq9gXvddBBpsv54i": 0.5028552746996316,
    "2AasRScHx4VvQyEmSAcn8vewHh8pyekEgQ6CJUKzaxTf": 0.21028757731621056,
    "Fe9fKpuoAxiWwaj6J2ZavPpRV7ioRJoVUbLsJLVo7yTY": 1.184742260133158,
    "8oKxgiRfxpK85Ug5T9D2oTVXs59c6TeGxRRtyZ1UA33L": 48.28005170823315,
    "AxNr3BDgaLRWfpQSzA2HqKabG6LFULcnpDXxpsa1WnRF": 10.981723484050526,
    "4XESfWc37aVPLfJKzPA68yNHNJVzdCDayHuZHbfuuymp": 0.7743820595247368,
    "C4Lsi8seJtr3nrQ7UeyH9uAuaZSvN1LpsYFtpRpWJkZV": 65.68418087162314,
    "CqCWsCDRGeTntefUKFEVb9hQZsxxggkAMUZDXWDvA1z4": 0.7090524938484736,
    "E2SwGC3tjwbVisMuHJTzG6pGpo5an4rAZpsu5XppFTBJ": 13.900738089472371,
    "CoBwyPttQPbAprmAqhgFQnXD4vxN9d6ERcz4XSNdEzrR": 32.96641015705868,
    "HR3gZqW4sci3Wn3jz2o9gQxWZHkJViufgrbg3hqM3BsT": 0.009733412396578947
}