{
    "4XESfWc37aVPLfJKzPA68yNHNJVzdCDayHuZHbfuuymp": -0.7743820595247368,
    "AXHrCZGrRyBzuiEoznE8kT5FqB1ypCpLXeh5FHmVq4eH": -2.735086840044737,
    "G1hBBcBqBspXy9Tv68mTQeU4iJaC6K3XxK3Qqymzv9Y4": 0.0,
    "XP3pHM2BTwTbzhcVvLnq6Rv7h6moc5dCx7b5c5GzoT2": 0.0,
    "2xRsnEff1Mrycy9JdQwHAYa1my5chVAFfdhPBkQWFS2h": 0.0,
    "Ba1jBMsQvLhuDGNTF7divY5gV3WQCskMtN2pYcrJ6Boc": 0.0,
    "4qZXkjtdgpDzm2Ep9g6XMY5WiLwcAH6EAaLpLKiVxUox": -4.2481883427253155,
    "dUgxG3FbWPGudQrYdBBSFRFzMQaM7m6UTYebTGGdrfT": 4.598376914969579,
    "92C5xUUN1xfZzt47hs2he3yyG2YEueeU9cGZidya1fKY": -0.5506589382750525,
    "AzZRBNKeFh9S2PrMCGXDvJhki2x3adLNE3gRg56VQJ6a": 0.0,
    "6yYutiexNWHSuAugRVoY7LgT8Nx6dQjkDyGimqBKW5rJ": -4.296360124564421,
    "ACQ3vGncNGdG7WtWJcScMHfLib2WbS7Vepq5Evovr8JX": 0.0,
    "D9XpFoku9eft7877poQcaQRvyrpktDad95B84Dx3QWTi": 0.0,
    "Bw8Fn1truQMRo77JqzWyyfYup9psPsyPe7zcJ6PGnZNc": 0.0,
    "6qBBcuAPvCQQY4H34KuudHXsSLu17ptytDpAHHpBBAuv": 0.0,
    "Cky7vkGAFmjBLobNynmmVAyQfbJshhn4E7hvBqqJ5M2H": 0.0,
    "8Hw9X9UwBso7Sp2CFnEEeUGW8pGDj9wghc78ccWFZWpU": -44.01688447381962,
    "BTRPhfMGQEfQn7bSyiCnGYF9fthF7hEBHpxB4hyd2HcX": -5.638399573440424,
    "E2SwGC3tjwbVisMuHJTzG6pGpo5an4rAZpsu5XppFTBJ": -13.900738089472371,
    "Gy1B1aCW3AgaB6mBtJct1CVu3NDQYH47k6MGjXbzBDtb": -21.33742841049316,
    "6L444o2jPsMWRQJYYqwmcLi7VQ3Yy2dZhmNAfv53prko": 0.0,
    "5dDqCETmHVtXauxmaZGTqwrCXGZjp1qbN72yErzRkq7u": -0.11309242115431582,
    "ECjYuG827YuHZcXT9WMm25isXmSSw4aK5aKCx4z3EERd": -39.669130536447625,
    "DSSxVKYGNGAkojb9LsK8FW8kJPV9zziVQdNCJpzW57TN": 0.0,
    "EgVJr286Kq1LF3kXjN1vLFCezCmSH8DmbKbZ1ZtGdijU": -2.5056616050595277,
    "8VZec6dMJhsAh7iPkdUoDqPtge35yn22xibonAqAEhMZ": -109.57275419201446,
    "7dq1Xd4MKfVeq76BiU1B3aZ2CAZLexmMTqDWWaUuFFQL": -0.4457807959489473,
    "CZLPaEtFebA54nzDQFkZ7pBFoJmT2RP6WyU9C189Ntw5": 0.0,
    "AypqibbXZUTq86oxSdrveNEB4N8vC7xZYdKadUEYH9eF": 0.0,
    "Bfziccx3rcgFF2P6rSbtmrrCScD79wUvcQbM8X96ps2K": -1.3961887512221052,
    "HfzoqRGDuJQMwMJ3gx7vwsLeAgAszq9gXvddBBpsv54i": -0.5028552746996316,
    "29MHpZVRSm3VVPMwWAL7Nj7F3QAoyFiKojjkRn3HNr9a": 0.0,
    "3Nj81CXVBcZBCKW9mNzsat8kuDSjAQDWJC472rj8RaN6": -6.251208589834474,
    "EyKiJ82QhtZxsw2zAxiJRz1D3qfp3sKtbfymWxnAKJwZ": -3.6626315110815804,
    "FvAFBzeCMUq2WhF8mtfdsuDHpEgx7LWjKzJCBVeMWaQR": -1.708061250176316,
    "87xYmsMRm3rE5T2VJCh4k4mrVrj1J3QukWYodbhVRgzF": -45.643157894736845,
    "3kxmD1PJa1kJ8GCsSGeKWzopACd6jAsgCKLb3xcLyf3Q": -5.299599204244737,
    "F1chUYt4XB84bF6MzfHgU2dtoWNyAXGdCfzDBLR2EM5s": -382.2205713135052,
    "5biouWJdgvscCR6wmkNKaytZ8YDsbm2QDvHkyFCve9gH": -8.202628886227211,
    "2X28ec9NSeAYQp8SZ9A8GgBJPYjpqNh6dDsuYbgj1Pq": 0.0,
    "EAjVeR2oWcWWtgVDAdNjY4Yqcp56Wn4hibtJ6F3u3BXw": 4.787370894922739,
    "7iKzrYQbgY7qjMysZPcrYpdKrUrGV74vuDbPGUtxeEP": 0.0,
    "GRxFdQamfio1NgwbfLfMXAiSNVByYaUHQ5jD6maueFcz": -6.848044177144158,
    "7KQrcajdGWrvk87DhSkRPvG2u6pmQrP1rBDhsCoFwtG2": -21.570258823649997,
    "5onrDVtvxD3fE9BgxaWSJ3f98o7KBK9CMLWjRrzmuuqY": 0.0,
    "84nJgXCe1GgJvPVu9zR8bBbU36dPqaZEANHxMvRMzWLH": -10.507742091955265,
    "CZNi9ke5RUTA9CYN2ErBA4jjz4JndwTDbfXRxsLruzob": 0.0,
    "4dcKcsMHqBzn7PS9yudSJ7GoMTgZJFLNMQQUSUaCZ2T2": 0.0,
    "EQtRrjeMetudzDnhYh8LnuQBmd4dr7GrFKV54Jb3NXBN": 0.0,
    "2vW6BZE3SD7mcjLcSkavzhHbxcPCpSwduFSAFVKaBNLC": -3.377295738371157,
    "H8zrN74wSyFRr2CNUDZC7FbvL3Pmdsgw9iFHTtmSr1i7": -0.7998237260868422,
    "ANVQjXgVh51cjBnLbX6hWZ12zozPS4aKSU4KwaxvcK3c": -0.640013693896895,
    "2uhYg2Aew9LcusT8spvPiBN1ZHC9bFAyjhYACT6VScyc": -14.571496903302894,
    "9T4nYRrdECZMxWeGzUfrN21prUHN9S91odh38vYexYXo": -0.08351313432631578,
    "8ugt4aPVHvzgcaNsYM8EKsBnL6itMyvRLgdTnk5zzH7e": 0.0,
    "AQnE65wsooJeb1TPBCG5rqUSHEsx9NJbi72BuZ5u784r": 0.0,
    "BUh9PbY8ussDvTd5Y6J7iaVha5WGYinGgedR645YN61M": -0.7276670184742104,
    "CrHhmg7WrYmR13Jz7MTfh9Gu3QTaMHTSVQkcUmjE53VB": -1.3087982212098421,
    "CoBwyPttQPbAprmAqhgFQnXD4vxN9d6ERcz4XSNdEzrR": -32.96641015705868,
    "HR3gZqW4sci3Wn3jz2o9gQxWZHkJViufgrbg3hqM3BsT": -0.009733412396578947,
    "CqCWsCDRGeTntefUKFEVb9hQZsxxggkAMUZDXWDvA1z4": -0.7090524938484736,
    "DLHnFSnyZWDUbtpkuttQqfa6HrRHUr6H3RmppBP6jPg3": -5.703815789473683,
    "3TtERnMN9EaYQyLCZ9v4r6FeucXxdZT12UtYZTW4YJi6": 0.0,
    "8oKxgiRfxpK85Ug5T9D2oTVXs59c6TeGxRRtyZ1UA33L": -48.28005170823315,
    "Afh4XjgbMc5aeaWZdZEe2mkiCytZEhUTdKcqLkNL9RV4": 0.6761419143477895,
    "BsJZ5k5gLLPib7B3crC51jZEu2arQEpvf7cHfHz1jdX8": -19.409654212216843,
    "AxNr3BDgaLRWfpQSzA2HqKabG6LFULcnpDXxpsa1WnRF": -10.981723484050526,
    "ApBdd2PHWWwTADv4X8JikqtaXHnz9JaGoLPY8M6gqEzL": -341.12368421052633,
    "3YaKidDruaMx4voQWQkZMzsQqY3aQsAjNeYS1kBxgoXa": -7.053072631578947,
    "HzsUbaQ2cArTAqB9HdCSTv4j7z3iXpLAmDE5musG13Xp": 0.0,
    "FphU6qTNh3tqi5H8a5R8dNnLHXNVwyH6uYB5q8eSD2Sq": -1.0271602983947365,
    "7D7Z4ZSHfErKJ6rUY2iyi1SEPXAQJc19PeszxhxSF2H": 0.0,
    "GEtRnUQFa3iaUSyE3Kv6DmvE2BWbVNMDCXK7kuQDQwus": -0.16267022527105263,
    "C4rdBHhnirkertdEP6AbKiyxDW4tWUyg7WsyKSP4iT7a": -6.491586751983001,
    "F87Xo2uiMMWWB6RMqhbBUBybndwjqFnYUcC57L2ETWx3": -0.03421263157894737,
    "9Qgrt6XsoDaGWx1xG17ZftVzBWb4BoE2KqQsYwJAryzg": -5.702105263157895,
    "44jsSfRcdW8FuUCx2wQzLdpyFSzTZ6ntgAW1D1oom8Wd": -0.12647207287499998,
    "8heaZ9tATpC77HGprEieCkSETRfcTz75wW7Y7KQ3e5Hq": -2.948213535269527,
    "9zgoTtEFb9Zk4Z2bikoCGv7Fx2HFtDKS1hgBx9Lvkf8P": -1.2224758897595789,
    "34sNLivbD2Udo26pLYUUaRgjGbaADi3pm1u1RAqQznSm": 0.0,
    "4h2Kt6cd8Rt52stonRMY2tqBctonPDaA6TZkAcmnXAUB": -1.676474018407105,
    "Fe9fKpuoAxiWwaj6J2ZavPpRV7ioRJoVUbLsJLVo7yTY": -1.184742260133158,
    "2AasRScHx4VvQyEmSAcn8vewHh8pyekEgQ6CJUKzaxTf": -0.21028757731621056,
    "2wzQG7eqmzzTUh9zise99bHJrX83XuSKjmKhJoRdf8vv": -0.16704722734989474,
    "mjKipYkDmghARSwbcU7HfCnww3z3fBe18BBKUByq5Jt": -0.12934773423947374,
    "9zf1T1fARM1eU5asXt3TfpCxhLxL342E7LUpni6PHt4N": 0.0,
    "H5xSbUM9eUsP4csYY9YghibPnQaGsn8Gid75CKzLRtTW": 0.0,
    "5yQZzen2KWaPNeMMi5bv6aiQWUmAN3sNZPuJa6qmDSRY": -21.718598906952632,
    "GArm3QBjgL4jW51qXhtX6QPAJQiAbyad6Jo1coMSQKDD": 0.0,
    "6LrPCE2msHDFVCbAvDM5pTL5fJugNemzrqQC5BRBKHKM": -10.565793830553947,
    "A9LfgjnWUxujnpud5E3ssKbnNiS1nxRC8Gh74hJTpump": 0.0,
    "5V5hY4BxjFCnnYpwbewR1Ecuki7oZR55dzdZavXy4sVG": 0.0,
    "ERnN8MKSnGkhApvQzNKDtAD6N4YaifqruwtSGkVUSCzy": 0.0,
    "8XoMme96mZ1tRw7zEwqDohXFhrjHfjiDnSRb8HdKn6oM": 0.0,
    "2iCmwtaM14u5XijJ6Wx6pbxSqvvPbvzUVXAhk1B4aEtr": -69.62710114287815,
    "DyXYWp4KjK8jbn6sraRZHvGxNKxwoW69ffVKPwxFRiAk": 0.03837019293568421,
    "3iYurP9YVzpBKh4ts4NT78zNCKeY8GUo57U4ZXdzrSZy": -4.010967357043421,
    "BtWRTuAyxyzpzfXXQRTiSQEaHhrZjSz2SdfwzFe3ZoyX": -2.5796058985856316,
    "4yas9ddUR2GDSNKzKNabP3McjXGq5As9r3zBgw7mWhuG": -9.792153667705266,
    "9UdozjWam1XyLqq4RZCC189nh3iE9QQdThkCMbC5Qgwy": -0.13006648995052633,
    "3ScsjzqAvYE5vofRjw8Qa4h3fz71YjU4QKDxeaFhAaQc": -5.473828102937895,
    "Dwi1XD4Npy3w7uQ4EfpA4C4HsFstjAhox7qMjbhy4XTi": -46.99630155157168,
    "A1RsYfdTaY9jUxxhgg9bf78TyicNCa8K43HXPURc2S8k": -22.57371947368421,
    "a1wbvCb5gLprYUbzgMRrtJSwjEjNYnctgUwUpt9ZHET": -15.413586085440791,
    "33NSEEhpxCN23p6sjQ4aj7F5maj9WpCRf3zKDWtS18oM": -138.53403473684213,
    "AeUyednWLZvDrBtWtuCWGytpvLUWDj26S6s7Za3nf5oA": -0.49182550465921054,
    "CPiGodKagZCkofLyLexqj93HBGJMghHBiMUsaMaS79A": -48.746437314303954,
    "5sKDjMsr49AqNEyCGVCUc73u2x8578DjbGAheEwCJ3Me": 0.0,
    "FVzbecjZL4Hqxayvekcg1RqnNVrFFC6BHfbmERh1XwQq": -6.356236788617844,
    "DvarPBFZH9TBTGDAJuWNXvexa46V1KQoVp94WhotVUsK": 0.0,
    "9PAoPtq4SeNzegk13evAQrrxBiGTUhp3gAnG4to6HKjZ": -21.20828855161095,
    "72WxmnuoBP1k9p93eonEmQvFpFRgBkV18MbDHi21WQXZ": 0.0,
    "FV7i4Ct2gvyh8WskHLJN7weDys6HX8QdeF7wKNKqmQSq": 0.0,
    "GunKxCN9sKv4nCxzduWvcX6oiYXzwMyKLwLWyY6EPH7z": -1.2165523914946315,
    "C4Lsi8seJtr3nrQ7UeyH9uAuaZSvN1LpsYFtpRpWJkZV": -65.68418087162314,
    "HGLEWvrRH3EUurYfvSQusnMq5frwqB66sJ4WwLbQQvV1": -5.604963157894737,
    "14XSDrAVr5vDwNH3mcgu3C88366tuzpnnAB27uubBoNR": 0.0,
    "8FMhMqspiDw8T8JmFXHeacCqfYHb2bKDKEeTW2BBRR2D": -21.513984427412105
}