{
    "2J4yED9RVQ9jEnj4t5AvKKVyxHH4eHiGxaLASy8mvPST": -34177.1125,
    "a1wbvCb5gLprYUbzgMRrtJSwjEjNYnctgUwUpt9ZHET": -2928.5813562337503,
    "CoBwyPttQPbAprmAqhgFQnXD4vxN9d6ERcz4XSNdEzrR": -6263.61792984115,
    "E2SwGC3tjwbVisMuHJTzG6pGpo5an4rAZpsu5XppFTBJ": -2641.1402369997504,
    "2xRsnEff1Mrycy9JdQwHAYa1my5chVAFfdhPBkQWFS2h": 0,
    "Ba1jBMsQvLhuDGNTF7divY5gV3WQCskMtN2pYcrJ6Boc": 0,
    "HR3gZqW4sci3Wn3jz2o9gQxWZHkJViufgrbg3hqM3BsT": -1.84934835535,
    "2uhYg2Aew9LcusT8spvPiBN1ZHC9bFAyjhYACT6VScyc": -2768.58441162755,
    "9Qgrt6XsoDaGWx1xG17ZftVzBWb4BoE2KqQsYwJAryzg": -1083.4,
    "8VZec6dMJhsAh7iPkdUoDqPtge35yn22xibonAqAEhMZ": -20818.823296482748,
    "D9XpFoku9eft7877poQcaQRvyrpktDad95B84Dx3QWTi": 0,
    "Afh4XjgbMc5aeaWZdZEe2mkiCytZEhUTdKcqLkNL9RV4": 128.46696372608,
    "7D7Z4ZSHfErKJ6rUY2iyi1SEPXAQJc19PeszxhxSF2H": 0,
    "GArm3QBjgL4jW51qXhtX6QPAJQiAbyad6Jo1coMSQKDD": 0,
    "HnjDWC8kjbDZrku1otyESo6EyFcFVvDfrkbkvcfCiyqT": -75.96443493075002,
    "AyjqK6LCz9M7aKg1GRy1CzCYxHfZcyHYzAxQjQEBQtGf": -14082.9,
    "AxNr3BDgaLRWfpQSzA2HqKabG6LFULcnpDXxpsa1WnRF": -2086.5274619696,
    "CqCWsCDRGeTntefUKFEVb9hQZsxxggkAMUZDXWDvA1z4": -134.71997383120998,
    "C4Lsi8seJtr3nrQ7UeyH9uAuaZSvN1LpsYFtpRpWJkZV": -12479.994365608398,
    "BFniSVCDe1RcmRrSPSmVZoAfdRqpw5zYRUK1AsrVcDgr": -2052.15932008975,
    "HGLEWvrRH3EUurYfvSQusnMq5frwqB66sJ4WwLbQQvV1": -1064.943,
    "EAjVeR2oWcWWtgVDAdNjY4Yqcp56Wn4hibtJ6F3u3BXw": 909.6004700353204,
    "9UdozjWam1XyLqq4RZCC189nh3iE9QQdThkCMbC5Qgwy": -24.712633090600004,
    "7dq1Xd4MKfVeq76BiU1B3aZ2CAZLexmMTqDWWaUuFFQL": -84.69835123029999,
    "2iCmwtaM14u5XijJ6Wx6pbxSqvvPbvzUVXAhk1B4aEtr": -13229.149217146849,
    "BsJZ5k5gLLPib7B3crC51jZEu2arQEpvf7cHfHz1jdX8": -3687.8343003212,
    "F1chUYt4XB84bF6MzfHgU2dtoWNyAXGdCfzDBLR2EM5s": -72621.908549566,
    "2AasRScHx4VvQyEmSAcn8vewHh8pyekEgQ6CJUKzaxTf": -39.95463969008001,
    "ACQ3vGncNGdG7WtWJcScMHfLib2WbS7Vepq5Evovr8JX": 0,
    "3ScsjzqAvYE5vofRjw8Qa4h3fz71YjU4QKDxeaFhAaQc": -1040.0273395582,
    "HzsUbaQ2cArTAqB9HdCSTv4j7z3iXpLAmDE5musG13Xp": 0,
    "9PAoPtq4SeNzegk13evAQrrxBiGTUhp3gAnG4to6HKjZ": -4029.5748248060804,
    "7iKzrYQbgY7qjMysZPcrYpdKrUrGV74vuDbPGUtxeEP": 0,
    "5onrDVtvxD3fE9BgxaWSJ3f98o7KBK9CMLWjRrzmuuqY": 0,
    "Bw8Fn1truQMRo77JqzWyyfYup9psPsyPe7zcJ6PGnZNc": 0,
    "5yQZzen2KWaPNeMMi5bv6aiQWUmAN3sNZPuJa6qmDSRY": -4126.533792321,
    "DyXYWp4KjK8jbn6sraRZHvGxNKxwoW69ffVKPwxFRiAk": 7.290336657779999,
    "H88onh3yAyU32B8E1V5bzr3kRa6rdLheC937v8erqE23": -17652.14197948256,
    "ERnN8MKSnGkhApvQzNKDtAD6N4YaifqruwtSGkVUSCzy": 0,
    "C4rdBHhnirkertdEP6AbKiyxDW4tWUyg7WsyKSP4iT7a": -1233.4014828767702,
    "BtWRTuAyxyzpzfXXQRTiSQEaHhrZjSz2SdfwzFe3ZoyX": -490.12512073127,
    "7KQrcajdGWrvk87DhSkRPvG2u6pmQrP1rBDhsCoFwtG2": -4098.3491764935,
    "5V5hY4BxjFCnnYpwbewR1Ecuki7oZR55dzdZavXy4sVG": 0,
    "CPiGodKagZCkofLyLexqj93HBGJMghHBiMUsaMaS79A": -9261.823089717751,
    "HfzoqRGDuJQMwMJ3gx7vwsLeAgAszq9gXvddBBpsv54i": -95.54250219293002,
    "3YaKidDruaMx4voQWQkZMzsQqY3aQsAjNeYS1kBxgoXa": -1340.0837999999999,
    "G1hBBcBqBspXy9Tv68mTQeU4iJaC6K3XxK3Qqymzv9Y4": 0,
    "72WxmnuoBP1k9p93eonEmQvFpFRgBkV18MbDHi21WQXZ": 0,
    "H8zrN74wSyFRr2CNUDZC7FbvL3Pmdsgw9iFHTtmSr1i7": -151.9665079565,
    "BUh9PbY8ussDvTd5Y6J7iaVha5WGYinGgedR645YN61M": -138.2567335101,
    "9zf1T1fARM1eU5asXt3TfpCxhLxL342E7LUpni6PHt4N": 0,
    "8XoMme96mZ1tRw7zEwqDohXFhrjHfjiDnSRb8HdKn6oM": 0,
    "8oKxgiRfxpK85Ug5T9D2oTVXs59c6TeGxRRtyZ1UA33L": -9173.2098245643,
    "92C5xUUN1xfZzt47hs2he3yyG2YEueeU9cGZidya1fKY": -104.62519827225998,
    "8heaZ9tATpC77HGprEieCkSETRfcTz75wW7Y7KQ3e5Hq": -560.1605717012101,
    "2wzQG7eqmzzTUh9zise99bHJrX83XuSKjmKhJoRdf8vv": -31.73897319648,
    "2vW6BZE3SD7mcjLcSkavzhHbxcPCpSwduFSAFVKaBNLC": -641.6861902905198,
    "6yYutiexNWHSuAugRVoY7LgT8Nx6dQjkDyGimqBKW5rJ": -816.30842366724,
    "A1RsYfdTaY9jUxxhgg9bf78TyicNCa8K43HXPURc2S8k": -4289.0067,
    "Cky7vkGAFmjBLobNynmmVAyQfbJshhn4E7hvBqqJ5M2H": 0,
    "GRxFdQamfio1NgwbfLfMXAiSNVByYaUHQ5jD6maueFcz": -1301.12839365739,
    "AjzU2s5zsUbVneNrJcYzEy4wdb8VVHoV74MV6Bs6vMK1": -64.34208000000001,
    "9T4nYRrdECZMxWeGzUfrN21prUHN9S91odh38vYexYXo": -15.867495521999999,
    "8FMhMqspiDw8T8JmFXHeacCqfYHb2bKDKEeTW2BBRR2D": -4087.6570412082997,
    "ANVQjXgVh51cjBnLbX6hWZ12zozPS4aKSU4KwaxvcK3c": -121.60260184041005,
    "5sKDjMsr49AqNEyCGVCUc73u2x8578DjbGAheEwCJ3Me": 0,
    "33NSEEhpxCN23p6sjQ4aj7F5maj9WpCRf3zKDWtS18oM": -26321.466600000007,
    "4XESfWc37aVPLfJKzPA68yNHNJVzdCDayHuZHbfuuymp": -147.1325913097,
    "2X28ec9NSeAYQp8SZ9A8GgBJPYjpqNh6dDsuYbgj1Pq": 0,
    "AeUyednWLZvDrBtWtuCWGytpvLUWDj26S6s7Za3nf5oA": -93.44684588525,
    "AypqibbXZUTq86oxSdrveNEB4N8vC7xZYdKadUEYH9eF": 0,
    "6gqFJh4FUgCTrKz6sZt6kjzJDQKmjRumB2PWpU6Lc1Hm": -2217.8776610732602,
    "Fe9fKpuoAxiWwaj6J2ZavPpRV7ioRJoVUbLsJLVo7yTY": -225.10102942530003,
    "EQtRrjeMetudzDnhYh8LnuQBmd4dr7GrFKV54Jb3NXBN": 0,
    "4yas9ddUR2GDSNKzKNabP3McjXGq5As9r3zBgw7mWhuG": -1860.5091968640006,
    "4h2Kt6cd8Rt52stonRMY2tqBctonPDaA6TZkAcmnXAUB": -318.53006349734994,
    "44jsSfRcdW8FuUCx2wQzLdpyFSzTZ6ntgAW1D1oom8Wd": -24.029693846249998,
    "DLHnFSnyZWDUbtpkuttQqfa6HrRHUr6H3RmppBP6jPg3": -1083.725,
    "GbKRUom31dG7HAmGoUG5m4yDzGioAb6U7oyeSDi8At9b": -7504.81135229184,
    "Bfziccx3rcgFF2P6rSbtmrrCScD79wUvcQbM8X96ps2K": -265.2758627322,
    "FphU6qTNh3tqi5H8a5R8dNnLHXNVwyH6uYB5q8eSD2Sq": -195.16045669499994,
    "34sNLivbD2Udo26pLYUUaRgjGbaADi3pm1u1RAqQznSm": 0,
    "DvarPBFZH9TBTGDAJuWNXvexa46V1KQoVp94WhotVUsK": 0,
    "CZNi9ke5RUTA9CYN2ErBA4jjz4JndwTDbfXRxsLruzob": 0,
    "DSSxVKYGNGAkojb9LsK8FW8kJPV9zziVQdNCJpzW57TN": 0,
    "AXHrCZGrRyBzuiEoznE8kT5FqB1ypCpLXeh5FHmVq4eH": -519.6664996085,
    "3kxmD1PJa1kJ8GCsSGeKWzopACd6jAsgCKLb3xcLyf3Q": -1006.9238488065,
    "4qZXkjtdgpDzm2Ep9g6XMY5WiLwcAH6EAaLpLKiVxUox": -807.15578511781,
    "FV7i4Ct2gvyh8WskHLJN7weDys6HX8QdeF7wKNKqmQSq": 0,
    "3TtERnMN9EaYQyLCZ9v4r6FeucXxdZT12UtYZTW4YJi6": 0,
    "4dcKcsMHqBzn7PS9yudSJ7GoMTgZJFLNMQQUSUaCZ2T2": 0,
    "mjKipYkDmghARSwbcU7HfCnww3z3fBe18BBKUByq5Jt": -24.57606950550001,
    "5biouWJdgvscCR6wmkNKaytZ8YDsbm2QDvHkyFCve9gH": -1558.49948838317,
    "FjxSoQJqAsdzB1YTBZayipqC3ubziCkubXXfZSLJu6DF": -662.8096579918802,
    "QXyeTVksPb3q9nwac96zWXLzTdhDQqUjRxuc1hCc7rH": -608.94625801418,
    "3Nj81CXVBcZBCKW9mNzsat8kuDSjAQDWJC472rj8RaN6": -1187.72963206855,
    "ApBdd2PHWWwTADv4X8JikqtaXHnz9JaGoLPY8M6gqEzL": -64813.5,
    "AQnE65wsooJeb1TPBCG5rqUSHEsx9NJbi72BuZ5u784r": 0,
    "3PtXEHipj6PRAYKUtTQ9YWFxQNA4dfwKgbmzE69QMphh": -637.6248234564,
    "A9LfgjnWUxujnpud5E3ssKbnNiS1nxRC8Gh74hJTpump": 0,
    "1v2xFQnJjCVy5rbLsBKYNE9U2fQMJhSSvVEKc4aTiv": 0,
    "F87Xo2uiMMWWB6RMqhbBUBybndwjqFnYUcC57L2ETWx3": -6.5004,
    "Gy1B1aCW3AgaB6mBtJct1CVu3NDQYH47k6MGjXbzBDtb": -4054.1113979937004,
    "ECjYuG827YuHZcXT9WMm25isXmSSw4aK5aKCx4z3EERd": -7537.134801925049,
    "9zgoTtEFb9Zk4Z2bikoCGv7Fx2HFtDKS1hgBx9Lvkf8P": -232.27041905431997,
    "8Hw9X9UwBso7Sp2CFnEEeUGW8pGDj9wghc78ccWFZWpU": -8363.208050025729,
    "Fmk7fWSq4jJeiESJAmxckWGsRaT4xH9hmbXsTLfSQ2Ps": -8310.10136445044,
    "5dDqCETmHVtXauxmaZGTqwrCXGZjp1qbN72yErzRkq7u": -21.487560019320007,
    "AzZRBNKeFh9S2PrMCGXDvJhki2x3adLNE3gRg56VQJ6a": 0,
    "6LrPCE2msHDFVCbAvDM5pTL5fJugNemzrqQC5BRBKHKM": -2007.5008278052499,
    "29MHpZVRSm3VVPMwWAL7Nj7F3QAoyFiKojjkRn3HNr9a": 0,
    "HdxkiXqeN6qpK2YbG51W23QSWj3Yygc1eEk2zwmKJExp": -25361.3900727411,
    "8sHfJ1WTV3HsfDJwRHtiseMsBHVrE5qNNrZgSYswxpgv": -8293.34600858218,
    "H5xSbUM9eUsP4csYY9YghibPnQaGsn8Gid75CKzLRtTW": 0,
    "87xYmsMRm3rE5T2VJCh4k4mrVrj1J3QukWYodbhVRgzF": -8672.2,
    "14XSDrAVr5vDwNH3mcgu3C88366tuzpnnAB27uubBoNR": 0,
    "8VXyXoKjjPuL3nJydU5NjNuoU6BLyXcW92DHtmnfYXSf": -7532.577831482579,
    "8ugt4aPVHvzgcaNsYM8EKsBnL6itMyvRLgdTnk5zzH7e": 0,
    "EgVJr286Kq1LF3kXjN1vLFCezCmSH8DmbKbZ1ZtGdijU": -476.07570496131024,
    "FvAFBzeCMUq2WhF8mtfdsuDHpEgx7LWjKzJCBVeMWaQR": -324.53163753350003,
    "6qBBcuAPvCQQY4H34KuudHXsSLu17ptytDpAHHpBBAuv": 0,