{
    "2J4yED9RVQ9jEnj4t5AvKKVyxHH4eHiGxaLASy8mvPST": 157.70170035068293,
    "a1wbvCb5gLprYUbzgMRrtJSwjEjNYnctgUwUpt9ZHET": 13.5132030095688,
    "CoBwyPttQPbAprmAqhgFQnXD4vxN9d6ERcz4XSNdEzrR": 28.90189151827773,
    "E2SwGC3tjwbVisMuHJTzG6pGpo5an4rAZpsu5XppFTBJ": 12.186878169987775,
    "HR3gZqW4sci3Wn3jz2o9gQxWZHkJViufgrbg3hqM3BsT": 0.008533353430001845,
    "2uhYg2Aew9LcusT8spvPiBN1ZHC9bFAyjhYACT6VScyc": 12.774937299868723,
    "9Qgrt6XsoDaGWx1xG17ZftVzBWb4BoE2KqQsYwJAryzg": 4.999077150239941,
    "8VZec6dMJhsAh7iPkdUoDqPtge35yn22xibonAqAEhMZ": 96.0632304193556,
    "HnjDWC8kjbDZrku1otyESo6EyFcFVvDfrkbkvcfCiyqT": 0.35051880274432456,
    "AyjqK6LCz9M7aKg1GRy1CzCYxHfZcyHYzAxQjQEBQtGf": 64.98200442967885,
    "AxNr3BDgaLRWfpQSzA2HqKabG6LFULcnpDXxpsa1WnRF": 9.627756838176449,
    "CqCWsCDRGeTntefUKFEVb9hQZsxxggkAMUZDXWDvA1z4": 1.949496567253043,
    "C4Lsi8seJtr3nrQ7UeyH9uAuaZSvN1LpsYFtpRpWJkZV": 57.5857990292008,
    "BFniSVCDe1RcmRrSPSmVZoAfdRqpw5zYRUK1AsrVcDgr": 9.469173680738972,
    "HGLEWvrRH3EUurYfvSQusnMq5frwqB66sJ4WwLbQQvV1": 4.91391196013289,
    "9UdozjWam1XyLqq4RZCC189nh3iE9QQdThkCMbC5Qgwy": 0.1140302375904393,
    "7dq1Xd4MKfVeq76BiU1B3aZ2CAZLexmMTqDWWaUuFFQL": 0.3908192655514027,
    "2iCmwtaM14u5XijJ6Wx6pbxSqvvPbvzUVXAhk1B4aEtr": 61.042585904147515,
    "BsJZ5k5gLLPib7B3crC51jZEu2arQEpvf7cHfHz1jdX8": 17.016584995945,
    "F1chUYt4XB84bF6MzfHgU2dtoWNyAXGdCfzDBLR2EM5s": 335.09555439999076,
    "2AasRScHx4VvQyEmSAcn8vewHh8pyekEgQ6CJUKzaxTf": 0.18436064825618312,
    "3ScsjzqAvYE5vofRjw8Qa4h3fz71YjU4QKDxeaFhAaQc": 4.7989449038307495,
    "9PAoPtq4SeNzegk13evAQrrxBiGTUhp3gAnG4to6HKjZ": 18.59346080106165,
    "5yQZzen2KWaPNeMMi5bv6aiQWUmAN3sNZPuJa6qmDSRY": 19.040853600595238,
    "H88onh3yAyU32B8E1V5bzr3kRa6rdLheC937v8erqE23": 81.45137495146992,
    "C4rdBHhnirkertdEP6AbKiyxDW4tWUyg7WsyKSP4iT7a": 5.691221312646595,
    "BtWRTuAyxyzpzfXXQRTiSQEaHhrZjSz2SdfwzFe3ZoyX": 3.1944981120503284,
    "7KQrcajdGWrvk87DhSkRPvG2u6pmQrP1rBDhsCoFwtG2": 18.91080277082641,
    "CPiGodKagZCkofLyLexqj93HBGJMghHBiMUsaMaS79A": 42.73635608027755,
    "HfzoqRGDuJQMwMJ3gx7vwsLeAgAszq9gXvddBBpsv54i": 0.44085687612093954,
    "3YaKidDruaMx4voQWQkZMzsQqY3aQsAjNeYS1kBxgoXa": 6.183480066445182,
    "H8zrN74wSyFRr2CNUDZC7FbvL3Pmdsgw9iFHTtmSr1i7": 0.7012112770233482,
    "BUh9PbY8ussDvTd5Y6J7iaVha5WGYinGgedR645YN61M": 0.6379509667317276,
    "8oKxgiRfxpK85Ug5T9D2oTVXs59c6TeGxRRtyZ1UA33L": 42.32747242785299,
    "92C5xUUN1xfZzt47hs2he3yyG2YEueeU9cGZidya1fKY": 0.48276669560843477,
    "8heaZ9tATpC77HGprEieCkSETRfcTz75wW7Y7KQ3e5Hq": 2.5847202459450447,
    "2wzQG7eqmzzTUh9zise99bHJrX83XuSKjmKhJoRdf8vv": 0.1464515189944629,
    "2vW6BZE3SD7mcjLcSkavzhHbxcPCpSwduFSAFVKaBNLC": 2.9608997337141,
    "6yYutiexNWHSuAugRVoY7LgT8Nx6dQjkDyGimqBKW5rJ": 3.7666501645775194,
    "A1RsYfdTaY9jUxxhgg9bf78TyicNCa8K43HXPURc2S8k": 19.790544019933556,
    "GRxFdQamfio1NgwbfLfMXAiSNVByYaUHQ5jD6maueFcz": 6.003730129463778,
    "AjzU2s5zsUbVneNrJcYzEy4wdb8VVHoV74MV6Bs6vMK1": 0.29689036544850506,
    "9T4nYRrdECZMxWeGzUfrN21prUHN9S91odh38vYexYXo": 0.07321657217607973,
    "8FMhMqspiDw8T8JmFXHeacCqfYHb2bKDKEeTW2BBRR2D": 18.861466598414083,
    "ANVQjXgVh51cjBnLbX6hWZ12zozPS4aKSU4KwaxvcK3c": 0.5611046596549005,
    "33NSEEhpxCN23p6sjQ4aj7F5maj9WpCRf3zKDWtS18oM": 121.45379568106316,
    "4XESfWc37aVPLfJKzPA68yNHNJVzdCDayHuZHbfuuymp": 0.6789063829351236,
    "AeUyednWLZvDrBtWtuCWGytpvLUWDj26S6s7Za3nf5oA": 0.4311869965173957,
    "6gqFJh4FUgCTrKz6sZt6kjzJDQKmjRumB2PWpU6Lc1Hm": 10.233839336809064,
    "Fe9fKpuoAxiWwaj6J2ZavPpRV7ioRJoVUbLsJLVo7yTY": 1.0386721549709304,
    "4yas9ddUR2GDSNKzKNabP3McjXGq5As9r3zBgw7mWhuG": 8.58485232956811,
    "4h2Kt6cd8Rt52stonRMY2tqBctonPDaA6TZkAcmnXAUB": 1.4697769633506366,
    "44jsSfRcdW8FuUCx2wQzLdpyFSzTZ6ntgAW1D1oom8Wd": 0.1108789860015227,
    "DLHnFSnyZWDUbtpkuttQqfa6HrRHUr6H3RmppBP6jPg3": 5.000576781100037,
    "GbKRUom31dG7HAmGoUG5m4yDzGioAb6U7oyeSDi8At9b": 34.62906677875526,
    "Bfziccx3rcgFF2P6rSbtmrrCScD79wUvcQbM8X96ps2K": 1.2240488313593576,
    "FphU6qTNh3tqi5H8a5R8dNnLHXNVwyH6uYB5q8eSD2Sq": 0.9005189031699886,
    "AXHrCZGrRyBzuiEoznE8kT5FqB1ypCpLXeh5FHmVq4eH": 2.3978705223721852,
    "3kxmD1PJa1kJ8GCsSGeKWzopACd6jAsgCKLb3xcLyf3Q": 4.646197161344131,
    "4qZXkjtdgpDzm2Ep9g6XMY5WiLwcAH6EAaLpLKiVxUox": 3.7244176131312754,
    "mjKipYkDmghARSwbcU7HfCnww3z3fBe18BBKUByq5Jt": 0.11340009923172761,
    "5biouWJdgvscCR6wmkNKaytZ8YDsbm2QDvHkyFCve9gH": 7.1913043945329,
    "FjxSoQJqAsdzB1YTBZayipqC3ubziCkubXXfZSLJu6DF": 3.058368669213179,
    "QXyeTVksPb3q9nwac96zWXLzTdhDQqUjRxuc1hCc7rH": 2.8098295404862497,
    "3Nj81CXVBcZBCKW9mNzsat8kuDSjAQDWJC472rj8RaN6": 5.4804800298475,
    "ApBdd2PHWWwTADv4X8JikqtaXHnz9JaGoLPY8M6gqEzL": 299.0656146179402,
    "3PtXEHipj6PRAYKUtTQ9YWFxQNA4dfwKgbmzE69QMphh": 2.942159576672204,
    "F87Xo2uiMMWWB6RMqhbBUBybndwjqFnYUcC57L2ETWx3": 0.029994462901439645,
    "Gy1B1aCW3AgaB6mBtJct1CVu3NDQYH47k6MGjXbzBDtb": 18.70667865445598,
    "ECjYuG827YuHZcXT9WMm25isXmSSw4aK5aKCx4z3EERd": 34.7782152174467,
    "9zgoTtEFb9Zk4Z2bikoCGv7Fx2HFtDKS1hgBx9Lvkf8P": 1.0717535024654854,
    "8Hw9X9UwBso7Sp2CFnEEeUGW8pGDj9wghc78ccWFZWpU": 38.589922711451315,
    "Fmk7fWSq4jJeiESJAmxckWGsRaT4xH9hmbXsTLfSQ2Ps": 38.34487525124788,
    "5dDqCETmHVtXauxmaZGTqwrCXGZjp1qbN72yErzRkq7u": 0.09914894804042085,
    "6LrPCE2msHDFVCbAvDM5pTL5fJugNemzrqQC5BRBKHKM": 9.26310828629222,
    "HdxkiXqeN6qpK2YbG51W23QSWj3Yygc1eEk2zwmKJExp": 117.02376371696705,
    "8sHfJ1WTV3HsfDJwRHtiseMsBHVrE5qNNrZgSYswxpgv": 38.267561870534244,
    "87xYmsMRm3rE5T2VJCh4k4mrVrj1J3QukWYodbhVRgzF": 40.01568844592101,
    "8VXyXoKjjPuL3nJydU5NjNuoU6BLyXcW92DHtmnfYXSf": 34.75718822204956,
    "EgVJr286Kq1LF3kXjN1vLFCezCmSH8DmbKbZ1ZtGdijU": 2.1967317504674706,
    "FvAFBzeCMUq2WhF8mtfdsuDHpEgx7LWjKzJCBVeMWaQR": 1.4974697191468256,
    "GunKxCN9sKv4nCxzduWvcX6oiYXzwMyKLwLWyY6EPH7z": 1.0665603284605942,
    "GEtRnUQFa3iaUSyE3Kv6DmvE2BWbVNMDCXK7kuQDQwus": 0.1426141694421373,
    "FVzbecjZL4Hqxayvekcg1RqnNVrFFC6BHfbmERh1XwQq": 5.5725590154918345,
    "CrHhmg7WrYmR13Jz7MTfh9Gu3QTaMHTSVQkcUmjE53VB": 1.1474329181887688,
    "Dwi1XD4Npy3w7uQ4EfpA4C4HsFstjAhox7qMjbhy4XTi": 41.2019993300047,
    "84nJgXCe1GgJvPVu9zR8bBbU36dPqaZEANHxMvRMzWLH": 9.212213904907255,
    "BTRPhfMGQEfQn7bSyiCnGYF9fthF7hEBHpxB4hyd2HcX": 4.943225908793284,
    "EyKiJ82QhtZxsw2zAxiJRz1D3qfp3sKtbfymWxnAKJwZ": 3.211055680627078,
    "3iYurP9YVzpBKh4ts4NT78zNCKeY8GUo57U4ZXdzrSZy": 3.51644424989964,
    "3Jj2cgq5QckrrrRxDTr2CTxtc55YWi5qFtyoSmXeqqLi": 25.265839164312993,
    "52sRceCdZwY6obs6KaMvwipz6LXXbwcyZ2yvhQHypUEV": 23.78126356165245,
    "tER4XwGxa7hVejn6sSxRrScAQJvniMUyjoWJyitTfD1": 13.895827241887874,
    "214xJiMaxgTr2X8EK8ZNAKLyaVBAAzKKZQKjkFT83hMj": 6.5849747946555,
    "4rkfnndp7i4Ztf1G4ygRG5CjyaMFt7Pc6QhkxWS34Gkm": 41.0177749261088,
    "9mXZsKuQGeHeVCcxQntr2LdJfWB9sBnXgRXrFj7Bfsg5": 22.408362732871815,
    "DER4Y3dSX4wKBwrwqSAeivVdK8Z2EeQvPPQneN59zwNQ": 35.81063747585257,
    "7X5YHQ1HUqtuMnyr8oaFTH8DgrWxzkaPbQqghugKhPJz": 6.251651357436141,
    "4xpw4ijxqcUakB3i6EAph5qPZP4KGH9FXNidL9WPsipj": 2.010261862897795,
    "64Ktvcwjng6jn8adfvWCUPJv6yP3xji2HzgsxxAk3Jbn": 0.9549425922097177,
    "9K4MEfCw3HdCZynVpoeZNhAK9fMVyauMPcu14o1uNxci": 17.774041255561325,
    "5MFgCXtqG9QYHS9zzJyP2avSqxkigydw4b56w4TC35Ui": 18.333365173847593,
    "EdWzaNM27nGtq7qHv9GAiGM2FNuJhxTVw7npnYonmMFx": 3.8440364348225806,
    "DoJQdof1YDb5jWXB9V8craXHUoMaieBKASfeBTQV5EK8": 92.43378762753414,
    "FhJ7WGyFLk6f6JJMoeQR7jwAW1NMXsCFCtTAXtT2wnuW": 37.924187288752755,
    "rp8ntGS7P2k3faTvsRSWxQLa3B68DetNbwe1GHLiTUK": 72.02470909982208,
    "9sK5xFGzBoiWsAhNVH4e9tXj6DQ2kmVrJQmwYoLjJhPw": 19.002436386958195,
    "7UKTEyMYJgNC566Mh3DoTjdR63heerBCdKUR3qGzNDJM": 63.78206464349467,
    "EPcdXRYTvBNwZ8f3axWE8QpvCrmNbQop69EhFM89q2h8": 291.6592633081548,
    "8LUsbTVCnBWPtKxizYATCPNNjyEjLsH2PcGctJtNW9s7": 1.9575765523967792,
    "FKUr3N2McKk6EhhDfEbpmj3LncWvcpgPaQ2Lpf7V51Pz": 5.732657127242345,
    "Au6F8GZNGBoWqmMAPnjnyXV7sG3fLEeYafgkW7LAaBxE": 0.8155339936030358,