{
    "FVzbecjZL4Hqxayvekcg1RqnNVrFFC6BHfbmERh1XwQq": 6.5535326125319635,
    "5yQZzen2KWaPNeMMi5bv6aiQWUmAN3sNZPuJa6qmDSRY": 22.392738182770785,
    "AxNr3BDgaLRWfpQSzA2HqKabG6LFULcnpDXxpsa1WnRF": 11.32259312985457,
    "HfzoqRGDuJQMwMJ3gx7vwsLeAgAszq9gXvddBBpsv54i": 0.518463762713968,
    "CPiGodKagZCkofLyLexqj93HBGJMghHBiMUsaMaS79A": 50.25951318492376,
    "87xYmsMRm3rE5T2VJCh4k4mrVrj1J3QukWYodbhVRgzF": 47.05990883438246,
    "6LrPCE2msHDFVCbAvDM5pTL5fJugNemzrqQC5BRBKHKM": 10.89375313547455,
    "84nJgXCe1GgJvPVu9zR8bBbU36dPqaZEANHxMvRMzWLH": 10.833899487038748,
    "7dq1Xd4MKfVeq76BiU1B3aZ2CAZLexmMTqDWWaUuFFQL": 0.45961770800032553,
    "CrHhmg7WrYmR13Jz7MTfh9Gu3QTaMHTSVQkcUmjE53VB": 1.3494229543622205,
    "5dDqCETmHVtXauxmaZGTqwrCXGZjp1qbN72yErzRkq7u": 0.11660277848556548,
    "4yas9ddUR2GDSNKzKNabP3McjXGq5As9r3zBgw7mWhuG": 10.096099396917737,
    "3ScsjzqAvYE5vofRjw8Qa4h3fz71YjU4QKDxeaFhAaQc": 5.643734206415238,
    "EyKiJ82QhtZxsw2zAxiJRz1D3qfp3sKtbfymWxnAKJwZ": 3.7763185755670734,
    "9PAoPtq4SeNzegk13evAQrrxBiGTUhp3gAnG4to6HKjZ": 21.866587935782942,
    "8VZec6dMJhsAh7iPkdUoDqPtge35yn22xibonAqAEhMZ": 112.97386203865176,
    "HGLEWvrRH3EUurYfvSQusnMq5frwqB66sJ4WwLbQQvV1": 5.7789396570436296,
    "ANVQjXgVh51cjBnLbX6hWZ12zozPS4aKSU4KwaxvcK3c": 0.6598795411352835,
    "CqCWsCDRGeTntefUKFEVb9hQZsxxggkAMUZDXWDvA1z4": 0.7310612862557521,
    "9zgoTtEFb9Zk4Z2bikoCGv7Fx2HFtDKS1hgBx9Lvkf8P": 1.2604212017273713,
    "6yYutiexNWHSuAugRVoY7LgT8Nx6dQjkDyGimqBKW5rJ": 4.429717949138485,
    "GEtRnUQFa3iaUSyE3Kv6DmvE2BWbVNMDCXK7kuQDQwus": 0.16771946386748424,
    "2vW6BZE3SD7mcjLcSkavzhHbxcPCpSwduFSAFVKaBNLC": 3.4821260597488592,
    "GRxFdQamfio1NgwbfLfMXAiSNVByYaUHQ5jD6maueFcz": 7.060605565755318,
    "H8zrN74wSyFRr2CNUDZC7FbvL3Pmdsgw9iFHTtmSr1i7": 0.8246500323230953,
    "5biouWJdgvscCR6wmkNKaytZ8YDsbm2QDvHkyFCve9gH": 8.457236207853104,
    "2iCmwtaM14u5XijJ6Wx6pbxSqvvPbvzUVXAhk1B4aEtr": 71.78830701729352,
    "A1RsYfdTaY9jUxxhgg9bf78TyicNCa8K43HXPURc2S8k": 23.27440145430866,
    "2uhYg2Aew9LcusT8spvPiBN1ZHC9bFAyjhYACT6VScyc": 15.023792118664803,
    "BTRPhfMGQEfQn7bSyiCnGYF9fthF7hEBHpxB4hyd2HcX": 5.813413929637945,
    "ApBdd2PHWWwTADv4X8JikqtaXHnz9JaGoLPY8M6gqEzL": 351.71206859127415,
    "FphU6qTNh3tqi5H8a5R8dNnLHXNVwyH6uYB5q8eSD2Sq": 1.0590430686726717,
    "44jsSfRcdW8FuUCx2wQzLdpyFSzTZ6ntgAW1D1oom8Wd": 0.13039773087828305,
    "4qZXkjtdgpDzm2Ep9g6XMY5WiLwcAH6EAaLpLKiVxUox": 4.380050928575049,
    "3kxmD1PJa1kJ8GCsSGeKWzopACd6jAsgCKLb3xcLyf3Q": 5.464097291114066,
    "9T4nYRrdECZMxWeGzUfrN21prUHN9S91odh38vYexYXo": 0.08610535881267635,
    "CoBwyPttQPbAprmAqhgFQnXD4vxN9d6ERcz4XSNdEzrR": 33.98967836900993,
    "9Qgrt6XsoDaGWx1xG17ZftVzBWb4BoE2KqQsYwJAryzg": 5.879097026264381,
    "C4Lsi8seJtr3nrQ7UeyH9uAuaZSvN1LpsYFtpRpWJkZV": 67.72299959631212,
    "9UdozjWam1XyLqq4RZCC189nh3iE9QQdThkCMbC5Qgwy": 0.1341037176611678,
    "DLHnFSnyZWDUbtpkuttQqfa6HrRHUr6H3RmppBP6jPg3": 5.880860646841762,
    "3YaKidDruaMx4voQWQkZMzsQqY3aQsAjNeYS1kBxgoXa": 7.271998046451052,
    "BtWRTuAyxyzpzfXXQRTiSQEaHhrZjSz2SdfwzFe3ZoyX": 2.6596761489649987,
    "8FMhMqspiDw8T8JmFXHeacCqfYHb2bKDKEeTW2BBRR2D": 22.18177252663501,
    "BsJZ5k5gLLPib7B3crC51jZEu2arQEpvf7cHfHz1jdX8": 20.012124486223136,
    "ECjYuG827YuHZcXT9WMm25isXmSSw4aK5aKCx4z3EERd": 40.9004493267042,
    "92C5xUUN1xfZzt47hs2he3yyG2YEueeU9cGZidya1fKY": 0.5677512387250921,
    "2AasRScHx4VvQyEmSAcn8vewHh8pyekEgQ6CJUKzaxTf": 0.21681484529021058,
    "Dwi1XD4Npy3w7uQ4EfpA4C4HsFstjAhox7qMjbhy4XTi": 48.45505369437063,
    "4h2Kt6cd8Rt52stonRMY2tqBctonPDaA6TZkAcmnXAUB": 1.7285113061501516,
    "mjKipYkDmghARSwbcU7HfCnww3z3fBe18BBKUByq5Jt": 0.13336265197254182,
    "3Nj81CXVBcZBCKW9mNzsat8kuDSjAQDWJC472rj8RaN6": 6.445244367639191,
    "EgVJr286Kq1LF3kXjN1vLFCezCmSH8DmbKbZ1ZtGdijU": 2.5834366451123847,
    "E2SwGC3tjwbVisMuHJTzG6pGpo5an4rAZpsu5XppFTBJ": 14.332213137615316,
    "2wzQG7eqmzzTUh9zise99bHJrX83XuSKjmKhJoRdf8vv": 0.17223232687475581,
    "8heaZ9tATpC77HGprEieCkSETRfcTz75wW7Y7KQ3e5Hq": 3.039725264278327,
    "8Hw9X9UwBso7Sp2CFnEEeUGW8pGDj9wghc78ccWFZWpU": 45.383156338320646,
    "HR3gZqW4sci3Wn3jz2o9gQxWZHkJViufgrbg3hqM3BsT": 0.01003553481305622,
    "AXHrCZGrRyBzuiEoznE8kT5FqB1ypCpLXeh5FHmVq4eH": 2.8199831756484697,
    "GunKxCN9sKv4nCxzduWvcX6oiYXzwMyKLwLWyY6EPH7z": 1.2543138397220532,
    "F1chUYt4XB84bF6MzfHgU2dtoWNyAXGdCfzDBLR2EM5s": 394.08459165164965,
    "Gy1B1aCW3AgaB6mBtJct1CVu3NDQYH47k6MGjXbzBDtb": 21.999736260004887,
    "a1wbvCb5gLprYUbzgMRrtJSwjEjNYnctgUwUpt9ZHET": 15.892019515051825,
    "FvAFBzeCMUq2WhF8mtfdsuDHpEgx7LWjKzJCBVeMWaQR": 1.7610789968173433,
    "Fe9fKpuoAxiWwaj6J2ZavPpRV7ioRJoVUbLsJLVo7yTY": 1.2215163307211854,
    "8oKxgiRfxpK85Ug5T9D2oTVXs59c6TeGxRRtyZ1UA33L": 49.778651099220205,
    "33NSEEhpxCN23p6sjQ4aj7F5maj9WpCRf3zKDWtS18oM": 142.83409268504454,
    "4XESfWc37aVPLfJKzPA68yNHNJVzdCDayHuZHbfuuymp": 0.7984186634995658,
    "7KQrcajdGWrvk87DhSkRPvG2u6pmQrP1rBDhsCoFwtG2": 22.23979366449696,
    "C4rdBHhnirkertdEP6AbKiyxDW4tWUyg7WsyKSP4iT7a": 6.693083801154603,
    "F87Xo2uiMMWWB6RMqhbBUBybndwjqFnYUcC57L2ETWx3": 0.03527458215758628,
    "BUh9PbY8ussDvTd5Y6J7iaVha5WGYinGgedR645YN61M": 0.7502536005540481,
    "Bfziccx3rcgFF2P6rSbtmrrCScD79wUvcQbM8X96ps2K": 1.4395260621456478,
    "3iYurP9YVzpBKh4ts4NT78zNCKeY8GUo57U4ZXdzrSZy": 4.135466669406609,
    "AeUyednWLZvDrBtWtuCWGytpvLUWDj26S6s7Za3nf5oA": 0.5070916316759821
}